Student ID,Roll No,Name,Age,Gender,Major,Subject,Height (cm),Blood Group,GPA,CGPA,Total Fees (INR),Grade,Class Time,Email,Address
8317,201,Finn Chacko,21,Female,History,Physics,170.61,B+,3.05,3.34,130601,B,Morning,fchandran@example.com,"04/94, Sinha, Kollam 712689"
7011,151,Jeremiah Samra,19,Non-binary,Engineering,Biology,158.93,AB-,2.43,2.83,165401,D,Afternoon,isaiah73@example.net,"42, Desai Zila, Machilipatnam 256603"
6901,288,Dalbir Nagarajan,20,Male,Business,Psychology,152.28,AB+,2.82,3.11,56216,C,Evening,swaminathanabha@example.com,"86/90, Lanka Chowk, Tiruvottiyur 201537"
8542,42,Manya Bedi,24,Female,Biology,Computer Science,194.68,B-,2.44,3.17,160517,D,Afternoon,fdara@example.org,"77/868, Aurora Circle, Bilaspur-632683"
8535,295,Wyatt Rama,22,Female,Mathematics,Chemistry,198.47,O-,2.97,2.85,72460,C,Morning,tristangaba@example.com,"11/465, Venkataraman Street, Bidar-705244"
7299,370,Vritti Nayar,19,Non-binary,Biology,History,172.67,B-,3.03,3.91,93560,B,Afternoon,bdas@example.net,"H.No. 44, Chakraborty Zila, Asansol-486087"
8206,64,Advay Khosla,22,Female,Mathematics,Physics,165.14,AB-,3.57,2.76,81356,A,Evening,pissac@example.net,"992, Salvi Ganj, Thanjavur-658034"
3228,392,Ekbal Parsa,23,Male,Physics,Psychology,153.63,O-,3.01,2.5,72776,B,Afternoon,yashawini95@example.net,"49/00, Dasgupta Street, Jalna 304232"
7917,66,Manya Srivastava,19,Female,Chemistry,Biology,172.72,A-,3.5,2.16,143700,A,Afternoon,samuelnagar@example.com,"19/276, Prasad Street, Thiruvananthapuram 764210"
7328,156,Kavya Bera,24,Non-binary,History,Biology,199.99,B-,2.66,2.39,173022,C,Afternoon,gdani@example.com,"84, Devi Chowk, Surendranagar Dudhrej 975163"
3848,268,Ekantika Parikh,23,Female,Computer Science,Literature,153.81,AB+,3.99,3.03,100608,A,Morning,sundarampranit@example.org,"H.No. 684, Mody Marg, Shimoga 516260"
2137,111,Avi Amble,19,Male,Physics,Economics,170.0,O-,2.42,2.43,98369,D,Afternoon,girindra55@example.net,"H.No. 48, Badami, Karaikudi-579714"
4269,371,Dayamai Batta,21,Non-binary,Art,Literature,177.04,AB-,2.88,3.06,169707,C,Morning,zkadakia@example.org,"H.No. 713, Barad Nagar, Kozhikode 256317"
3664,329,Yashasvi Chawla,21,Female,Biology,Chemistry,169.68,B-,2.42,3.58,170130,D,Evening,rbobal@example.org,"91/916, Mani Road, Ramagundam-974976"
1979,30,Ladli Wable,18,Male,History,Mathematics,183.72,B+,3.15,2.49,122501,B,Evening,anvichahal@example.net,"53/114, Tandon Chowk, Miryalaguda-600809"
1146,347,Ucchal Garde,19,Female,Art,Chemistry,163.25,A+,2.12,3.5,51576,D,Evening,balhaar93@example.net,"20/23, Parekh Street, Narasaraopet 370881"
3594,391,Vansha Venkataraman,25,Non-binary,History,History,189.41,B+,3.67,3.93,168957,A,Morning,sundaramwatika@example.net,"408, Saran, Kishanganj-211637"
6260,232,Gayathri Sundaram,25,Male,Computer Science,Biology,155.15,AB+,3.45,3.79,135417,B,Afternoon,vedikapau@example.com,"87, Varughese Circle, Chapra-330182"
7471,149,Vivaan Ben,19,Male,Mathematics,History,157.75,O-,3.75,2.98,58377,A,Afternoon,doctorpooja@example.com,"25/918, Kohli Circle, Suryapet-024946"
6079,135,Lopa Sastry,20,Female,Engineering,Literature,150.71,A-,2.64,3.82,151566,C,Morning,tarakpall@example.org,"H.No. 06, Deshpande Chowk, Guwahati 511560"
8756,133,Gaurang Patel,19,Non-binary,Art,Economics,170.96,AB+,3.48,2.35,77642,B,Morning,nakshdada@example.org,"913, Nagar, Agartala-973183"
1346,231,Hritik Khalsa,18,Male,Engineering,Literature,150.71,B+,2.04,3.84,194654,D,Afternoon,lsrinivas@example.com,"286, Warrior Street, Howrah 719983"
9073,269,Nidra Keer,21,Non-binary,Computer Science,Physics,182.77,B+,2.21,2.27,193541,D,Evening,golejhalak@example.com,"88/35, Parekh Street, Amaravati 447409"
7109,354,Zansi Karan,22,Female,Mathematics,Art,199.63,O-,3.51,2.83,185927,A,Afternoon,anirudh08@example.net,"904, Naidu, Chandrapur-926456"
9054,212,Simon Kanda,21,Non-binary,History,Economics,177.59,A-,2.82,3.09,54412,C,Afternoon,urviamble@example.com,"80, Sankaran Zila, Anantapuram 908804"
1354,420,Patrick Handa,23,Non-binary,Art,Psychology,190.49,O-,3.1,2.12,160142,B,Evening,ramachandranraksha@example.net,"997, Shan Path, Anantapuram-260187"
7427,435,Jalsa Nigam,21,Non-binary,Computer Science,Chemistry,150.42,O-,3.03,2.42,87522,B,Afternoon,ujaggi@example.net,"216, Dube Ganj, Guntur 538340"
4686,298,William Mangat,20,Male,Psychology,Mathematics,199.19,O-,2.93,3.96,105516,C,Afternoon,jagratidass@example.net,"H.No. 62, Om Nagar, Tenali 690908"
3894,431,Aarnav Mistry,25,Non-binary,Psychology,Chemistry,151.89,O-,3.25,2.09,77063,B,Afternoon,jacksonchakrabarti@example.com,"24/287, Sibal, Muzaffarpur 745023"
4904,109,Riya Buch,19,Male,History,Biology,156.29,O+,3.16,3.37,125311,B,Afternoon,tamanna32@example.com,"04, Narula Marg, Sikar-418177"
2376,199,Vasatika Vora,22,Female,Business,Economics,157.64,A+,3.2,2.47,83516,B,Evening,radhika34@example.com,"H.No. 294, Badami, Bhilwara-397164"
9306,372,Urvi Kant,23,Male,Physics,Physics,150.31,AB-,3.84,3.91,181047,A,Evening,mohammedsengupta@example.org,"H.No. 491, Viswanathan Nagar, Faridabad 058068"
9359,342,Ikshita Dugar,19,Female,Biology,Art,157.38,AB+,3.92,2.39,87330,A,Morning,unnidhaliwal@example.com,"65/44, Dhingra Zila, Loni-899502"
9257,141,Utkarsh Lala,22,Non-binary,Psychology,Psychology,173.48,O-,3.7,3.83,63353,A,Afternoon,dakshaedwin@example.net,"H.No. 48, Chander Chowk, Ghaziabad 229958"
5907,208,Sanaya Bora,21,Male,Business,Literature,152.48,A-,3.78,3.65,140087,A,Morning,girindrakakar@example.org,"H.No. 743, Krish Road, Satna 055930"
7631,101,Zayyan Nadig,18,Non-binary,History,Literature,165.07,AB-,3.53,2.53,192398,A,Afternoon,ghoshpraneel@example.net,"H.No. 379, Bora Chowk, Lucknow 709800"
1038,481,Manya Date,19,Female,Physics,Literature,159.38,O-,2.58,2.85,183002,C,Morning,guhamanbir@example.org,"91, Jain Ganj, Malegaon-776300"
8893,27,Gaurav Mohanty,25,Non-binary,Biology,Literature,166.14,AB-,2.39,2.75,89607,D,Morning,xchauhan@example.net,"77, Ganesan Nagar, Srikakulam 934250"
5855,471,Jeremiah Ramanathan,22,Male,Biology,Art,192.42,A-,2.99,2.26,58869,C,Evening,teerthbhattacharyya@example.net,"88, Chaudhari Zila, Bhavnagar-649186"
5824,383,Hiral Lad,23,Female,History,Biology,181.43,B-,2.09,3.29,90059,D,Afternoon,badalbalhaar@example.net,"59/941, Baral, Narasaraopet 553673"
3968,216,Ishaan Lala,23,Male,Business,Chemistry,155.21,A+,2.72,2.84,161612,C,Evening,geetikasubramaniam@example.com,"13, Rai Zila, Sasaram 910052"
3021,223,Harish Lata,21,Male,Psychology,Literature,163.08,O+,2.67,3.82,150265,C,Evening,lgarde@example.org,"83/526, Brahmbhatt Path, Bokaro 256505"
2177,348,Pushti Nadkarni,21,Male,Engineering,Biology,193.18,O-,3.4,3.77,132149,B,Afternoon,jasondasgupta@example.org,"34, Parikh Path, Dhanbad 608141"
8856,285,Banjeet Nadig,20,Non-binary,History,Mathematics,159.19,A-,3.12,2.07,144674,B,Evening,alka62@example.com,"597, Pradhan Marg, Jaunpur 106824"
1220,73,Nitesh Pai,20,Female,Computer Science,Mathematics,190.92,A-,3.46,3.72,98701,B,Evening,shivanichhabra@example.net,"18/576, Balay Nagar, Bahraich-786657"
9086,467,Mekhala Gulati,22,Female,History,Chemistry,198.15,B-,3.85,3.07,128724,A,Morning,ksingh@example.net,"21/75, Khurana, Durgapur 249205"
3454,494,Liam Sawhney,21,Non-binary,Art,Literature,151.99,B-,2.82,3.26,57699,C,Evening,gayathri51@example.net,"20, Luthra Road, Bhusawal-076364"
3496,34,Abdul Dash,23,Male,Biology,Art,166.07,B-,2.45,2.73,51895,D,Evening,zaid66@example.net,"53/04, Roy Nagar, Rourkela-837296"
7377,311,Rehaan Mohanty,24,Non-binary,Computer Science,Mathematics,164.58,B-,3.98,3.02,85566,A,Afternoon,ishwarbhatia@example.org,"29, Mody Nagar, Nandyal 592754"
6122,157,Leena Rattan,23,Female,Art,Mathematics,181.91,A-,3.28,3.77,75350,B,Evening,choudhrytheodore@example.com,"01, Ramachandran Chowk, Raipur-505791"
9330,100,Sneha Gera,23,Male,Physics,Biology,152.13,B-,3.31,2.08,179872,B,Afternoon,girishlad@example.net,"38/60, Upadhyay Circle, Mysore 737484"
2730,106,Ishita Bhakta,22,Female,Business,Art,151.78,O-,2.46,3.87,175430,D,Morning,pmander@example.com,"89, Raja Street, Kulti-597283"
1712,78,Aishani Yohannan,22,Non-binary,Biology,Psychology,180.64,AB-,3.24,2.33,101367,B,Morning,siddharth11@example.org,"15, Varkey, Tezpur-453306"
2706,94,Gauri Kala,23,Non-binary,Mathematics,Literature,156.93,O+,3.83,2.12,176818,A,Afternoon,bajwaamaira@example.com,"H.No. 799, Taneja Nagar, Nellore-456549"
6050,127,Adweta Kibe,23,Non-binary,Computer Science,Computer Science,173.79,O+,3.9,3.14,70636,A,Evening,xkeer@example.com,"974, Dube Ganj, Amroha 382341"
7024,283,Michael Goda,24,Non-binary,Biology,History,172.1,AB+,2.21,3.99,63255,D,Evening,balvanvenkataraman@example.com,"H.No. 85, Sachdeva Chowk, Bhiwani 677354"
7561,353,Amaira Rana,24,Female,Business,Art,171.14,O+,3.78,2.19,141625,A,Afternoon,triveni48@example.net,"91, Thakur Marg, Purnia 182887"
5843,341,Priya Gara,23,Non-binary,Computer Science,History,162.82,A+,2.42,2.38,184828,D,Evening,tdoshi@example.com,"885, Banik Path, Sikar-224401"
5037,45,Dalaja Behl,23,Male,Computer Science,Literature,187.25,B-,2.44,3.75,93373,D,Evening,kotharianirudh@example.com,"34/85, Raghavan Circle, Medininagar-971052"
9437,379,Saksham Om,22,Male,Physics,History,173.26,A+,3.69,2.77,82860,A,Morning,unnimittal@example.net,"07/94, Nigam Road, Darbhanga-284865"
1963,274,Saksham Krishnan,24,Female,Chemistry,Literature,199.84,O+,2.71,3.76,52574,C,Morning,hbatta@example.com,"30, Raghavan Zila, Jalandhar-867781"
1054,153,Amrita Pradhan,19,Female,Business,Computer Science,195.5,A-,3.13,3.03,143311,B,Morning,aahanazacharia@example.net,"50/693, Dada, Shahjahanpur 200958"
3383,131,Baljiwan Gill,21,Non-binary,Computer Science,Biology,153.84,A+,3.52,3.54,138507,A,Evening,pchowdhury@example.org,"69/802, Kuruvilla Chowk, Kottayam 988666"
2693,10,Samuel Setty,20,Female,Art,Biology,155.46,A+,3.96,3.17,174087,A,Morning,adweta38@example.org,"H.No. 62, Sethi, Dharmavaram 308104"
3724,308,Logan Deep,19,Male,Business,Economics,181.99,O-,2.16,2.07,62770,D,Morning,bailganga@example.net,"96/957, Mann Ganj, Parbhani 121039"
8228,125,Sanaya Thakkar,21,Male,Mathematics,Art,189.0,AB+,2.88,3.1,166478,C,Evening,balendra09@example.com,"95/82, Nazareth Nagar, Fatehpur 707914"
9152,7,Vasatika Bala,23,Male,Physics,Biology,152.87,AB+,2.11,2.76,52899,D,Morning,chakrikabhalla@example.org,"88/80, Balasubramanian Circle, Haridwar 328097"
4763,241,Aashi Purohit,19,Non-binary,Business,Biology,186.85,B-,2.76,3.89,179926,C,Morning,bminhas@example.org,"538, Loyal Road, Siliguri 345182"
3680,130,Amrita Hans,22,Non-binary,Psychology,Psychology,180.28,A-,3.59,2.66,191104,A,Evening,chanchal79@example.net,"H.No. 976, Bora Chowk, Dehradun 037868"
7432,272,Pallavi Baria,18,Male,Biology,Biology,192.34,O-,2.91,2.06,134180,C,Evening,sonibalvan@example.net,"28/94, Doctor Road, Bidhannagar-107012"
7679,432,Ikshita Majumdar,23,Non-binary,Computer Science,Art,168.85,B-,3.15,2.36,120079,B,Afternoon,tanviparsa@example.org,"17, Ramaswamy Ganj, Sultan Pur Majra 744496"
1149,468,Anika Sami,22,Female,History,Physics,186.53,A+,3.54,3.87,102706,A,Morning,mreddy@example.com,"H.No. 71, Mukherjee Path, Gwalior 938482"
9060,122,Ria Natt,20,Male,Biology,Computer Science,151.1,O-,3.69,2.79,178278,A,Evening,jwarrior@example.org,"625, Dhar Street, Sambhal 436310"
8766,328,Liam Singhal,19,Female,Computer Science,History,192.74,O+,3.8,3.18,196418,A,Evening,luthraishaan@example.net,"H.No. 238, Shah Marg, Chapra 729595"
6199,58,Ganga Mahal,22,Female,Chemistry,Mathematics,174.53,A+,3.0,2.65,102133,B,Evening,hnazareth@example.org,"08, Samra Circle, Bhavnagar-031638"
3553,56,Parth Goyal,25,Male,History,Literature,193.87,O+,2.12,2.68,73310,D,Morning,ramaridhi@example.net,"H.No. 167, Kala Zila, Ratlam 175026"
8056,8,Nihal Magar,18,Male,History,Chemistry,178.95,O+,2.44,2.19,116185,D,Evening,gautami45@example.com,"909, Malhotra, Moradabad 118026"
5862,196,Amara Prashad,24,Non-binary,Chemistry,Chemistry,159.58,B+,3.53,3.29,104094,A,Afternoon,sanghaaayush@example.org,"37, Nagi Nagar, Bathinda 604618"
5917,425,Tamanna Khurana,18,Non-binary,Computer Science,Mathematics,157.92,B-,2.42,2.33,57147,D,Morning,ymohanty@example.org,"H.No. 791, Chad Ganj, Mahbubnagar 970073"
9143,363,Hemal Mutti,19,Female,History,Biology,189.6,AB-,3.27,2.86,147168,B,Evening,nicholasrattan@example.net,"02/672, Bir, Bhubaneswar-372154"
3809,41,Gaurangi Dalal,19,Female,History,Literature,180.37,A-,2.32,2.78,100522,D,Afternoon,urvashipatla@example.net,"88, Loke Path, Tiruvottiyur 223439"
4271,374,Bahadurjit Nagi,20,Non-binary,Engineering,History,169.13,A+,2.35,2.16,84558,D,Morning,fratti@example.org,"29/60, Hegde Street, Haridwar 674701"
8243,376,Onveer Tripathi,19,Male,Mathematics,Literature,193.8,A-,2.85,3.43,62203,C,Evening,luthrarayaan@example.net,"73/02, Ahuja Street, Alwar-683003"
6830,36,Ronith Kibe,19,Non-binary,Engineering,Art,153.87,A-,2.95,3.24,75987,C,Evening,radhika65@example.org,"22, Purohit Street, Alappuzha 838711"
1389,108,Utkarsh Trivedi,24,Female,Business,Literature,157.38,B+,2.65,3.28,102597,C,Morning,ldyal@example.com,"04, Walia Road, Loni-960623"
6910,60,Baljiwan Chaudhary,25,Non-binary,Business,Biology,187.28,AB-,3.52,3.09,79247,A,Evening,jdevan@example.com,"H.No. 49, Sharma Street, Bhagalpur-554376"
5440,80,Darika Sethi,22,Male,Mathematics,Chemistry,168.26,A+,3.09,2.39,131987,B,Evening,ansh40@example.net,"H.No. 641, Tara Nagar, Hosur 431335"
9773,434,Garima Bains,21,Female,Computer Science,Literature,161.39,A+,2.86,3.88,87286,C,Evening,vedhika80@example.net,"50/336, Sheth, Hyderabad 434625"
1982,204,Samar Chad,24,Non-binary,Chemistry,Computer Science,155.97,AB+,2.9,3.8,145467,C,Evening,jackson70@example.org,"06/430, Parikh Road, Thrissur 973416"
8447,48,Zaid Batra,21,Non-binary,Chemistry,Psychology,151.43,AB-,3.6,2.43,91292,A,Afternoon,tkorpal@example.org,"015, Samra, Bulandshahr-899777"
5488,55,Yatan Yohannan,23,Male,History,Biology,199.28,B-,2.44,2.67,190970,D,Morning,tara57@example.net,"40/127, Sood Ganj, Kirari Suleman Nagar 891608"
2660,302,Nikita Sharma,20,Non-binary,Chemistry,Art,158.61,A-,3.75,2.02,114013,A,Morning,tanvi61@example.org,"71, Chandran Circle, Ranchi 898245"
8258,350,Omya Oommen,20,Non-binary,Computer Science,Mathematics,163.37,B-,2.78,2.32,93500,C,Evening,divanshivansh@example.net,"022, Prasad Zila, Chandigarh 986127"
1418,252,Damini Kapur,23,Male,Psychology,Physics,183.13,B+,3.69,3.93,130845,A,Morning,janaki22@example.com,"148, Sridhar Path, Bhubaneswar 604445"
7754,63,Netra Mangal,23,Non-binary,Psychology,Biology,178.48,B+,2.96,2.37,106457,C,Afternoon,niharika15@example.net,"001, Jha Ganj, Ballia 890594"
4896,13,Om Prakash,18,Non-binary,Biology,Physics,182.63,A-,3.76,3.14,52383,A,Afternoon,yutikalall@example.net,"13/48, Bail Street, Bijapur-402014"
7324,121,Nisha Vyas,19,Non-binary,Psychology,Art,182.58,B-,3.22,2.08,116202,B,Evening,qramaswamy@example.com,"25/113, Lata Path, Udupi-568533"
9822,364,Sara Memon,22,Male,Physics,Chemistry,151.55,A-,2.56,3.22,75056,C,Afternoon,kashyapgautami@example.org,"890, Kapoor Road, Gurgaon-620290"
6252,144,Jagdish Iyer,19,Non-binary,Physics,Chemistry,163.8,A-,3.41,3.32,138561,B,Evening,bhavanisahota@example.org,"45, Dass Marg, Dindigul-692885"
6762,387,Timothy Buch,21,Non-binary,Computer Science,Chemistry,180.26,A-,2.18,2.5,65565,D,Evening,gauri23@example.org,"H.No. 386, Chandran Chowk, Chinsurah-106266"
6349,221,Viraj Bhargava,23,Non-binary,Physics,Literature,194.73,AB-,2.08,3.08,172817,D,Morning,harrison89@example.net,"H.No. 02, Talwar Chowk, Ambattur 280223"
8716,301,Jonathan Brahmbhatt,21,Male,Biology,Art,192.24,O+,2.77,2.63,146297,C,Afternoon,omsahota@example.net,"438, Swamy Nagar, Kirari Suleman Nagar-851052"
4572,264,Charles Menon,18,Female,Psychology,History,150.74,B+,3.19,3.67,188194,B,Afternoon,keya25@example.org,"69, Acharya Marg, Karnal-438659"
7783,394,Radhika Murthy,21,Non-binary,Computer Science,Mathematics,161.1,A-,2.09,2.94,93061,D,Evening,ojas95@example.org,"H.No. 073, Iyer Zila, Nanded 974867"
7089,429,Zaitra Yogi,21,Male,Psychology,Mathematics,159.7,A-,3.04,2.06,122022,B,Evening,godarachit@example.net,"H.No. 669, Khalsa Street, Sagar-884425"
8999,175,Anita Dubey,20,Female,Biology,Psychology,171.55,B-,2.15,2.67,152909,D,Evening,wrideshbhatti@example.org,"85/711, Wali Zila, Ramagundam-188075"
9768,98,Vanya Raj,23,Non-binary,Engineering,Psychology,170.06,O+,3.61,2.14,85511,A,Afternoon,abandi@example.net,"H.No. 31, Rana Nagar, Thane 877437"
4514,3,Irya Pal,22,Male,Chemistry,Chemistry,196.0,B+,3.95,3.09,52459,A,Morning,keya17@example.net,"74/218, Master Street, Kottayam-305073"
3407,430,Yasti Tripathi,18,Male,History,Art,187.24,B+,2.88,3.9,135223,C,Morning,hiral15@example.org,"99/42, Bhatnagar, Amroha 739934"
5048,162,Yochana Oak,24,Non-binary,Engineering,Economics,166.93,O+,3.01,2.75,190234,B,Afternoon,vinaya55@example.net,"68/248, Randhawa Nagar, Danapur 427534"
8430,259,Nathan Salvi,24,Female,Mathematics,Economics,188.25,B+,2.24,3.93,69510,D,Afternoon,rajeshri66@example.org,"768, Ahuja Ganj, Tezpur-017113"
3440,397,Brijesh Dhar,23,Male,Physics,Economics,162.83,A-,2.27,3.23,197633,D,Afternoon,chayer@example.net,"110, Ganesan Marg, Jalandhar 600204"
3311,375,Kavya Bhalla,23,Non-binary,History,Art,169.43,B+,3.81,2.44,129104,A,Afternoon,rushil69@example.net,"144, Verma Circle, Mira-Bhayandar-469489"
7798,138,Teerth Apte,21,Male,Chemistry,Psychology,183.7,A+,3.25,3.31,121187,B,Afternoon,aarav81@example.net,"92/71, Narasimhan Chowk, Kottayam 090637"
2107,124,Harita Sharma,22,Male,Art,Biology,162.85,B-,3.27,3.31,122828,B,Morning,nirjavig@example.com,"56, Vasa Nagar, Patiala-808281"
5426,228,Osha Venkataraman,23,Male,Biology,History,157.17,A-,3.19,3.14,182387,B,Morning,ftara@example.com,"H.No. 627, Kale Nagar, Baranagar 079305"
8708,461,Odika Kaul,22,Non-binary,Engineering,Computer Science,191.05,A+,2.95,2.07,156256,C,Morning,sacharanay@example.com,"58/98, Deo Chowk, Nangloi Jat-297496"
8925,378,Girindra Nori,19,Non-binary,Mathematics,Chemistry,176.6,A-,2.31,3.83,88879,D,Evening,ekantikajoshi@example.org,"02, Ahuja Zila, Bellary 155998"
1739,270,Riya Wali,22,Non-binary,Engineering,Literature,165.18,O-,3.91,2.73,184844,A,Evening,vprabhu@example.org,"35/28, Baral Nagar, Muzaffarpur 347876"
3505,14,Yashodhara Butala,20,Non-binary,Psychology,Physics,178.33,O+,2.68,3.62,106999,C,Evening,ssharaf@example.net,"H.No. 450, Ghose Street, Udupi-106708"
2780,33,Dipta Chaudhari,19,Female,Biology,Chemistry,167.44,O-,3.96,2.32,186628,A,Afternoon,modidamyanti@example.com,"22/62, Kade Chowk, Gaya 606181"
6237,113,Gunbir Oak,23,Female,Art,Mathematics,186.5,B-,2.34,3.78,82487,D,Evening,muttineha@example.org,"97, Dhingra Path, Tiruppur-033799"
5498,491,Rudra Jaggi,19,Female,Art,Literature,178.25,A+,2.21,3.36,189263,D,Afternoon,fsandhu@example.com,"354, Tank Zila, Hyderabad 296561"
2920,69,Kevin Sura,20,Non-binary,Computer Science,Biology,185.43,O+,2.94,2.6,193864,C,Morning,pandeyudarsh@example.com,"H.No. 558, Dixit, Aligarh-431969"
4865,355,Fitan Iyer,19,Female,Computer Science,History,154.57,O-,3.2,2.05,145001,B,Afternoon,warhidave@example.net,"75, Borah Marg, Buxar-927207"
4325,271,Parth Dada,24,Non-binary,Mathematics,Art,180.09,O-,2.91,2.62,174370,C,Evening,sehgalekapad@example.org,"481, Bora Zila, Giridih 292177"
6483,126,Qushi Sarna,23,Female,Mathematics,Literature,176.24,A+,3.43,2.16,169141,B,Afternoon,binatara@example.org,"H.No. 51, Ganesan Marg, Anantapuram 913252"
7098,255,Chakradev Gera,18,Female,Art,Psychology,185.09,A+,2.06,3.41,61955,D,Evening,wagate@example.com,"H.No. 439, Soni Chowk, Nagaon 946135"
4000,83,Gagan Rama,23,Female,Chemistry,History,180.63,O-,2.45,2.64,67934,D,Evening,skumar@example.net,"H.No. 91, Bhatnagar Chowk, Ujjain 268839"
6465,306,Leela Nagarajan,24,Female,History,Literature,173.08,A-,2.18,2.35,102804,D,Evening,emallick@example.org,"33, Parikh Chowk, Ahmednagar 583168"
9038,279,Rishi Varghese,20,Female,Biology,Computer Science,177.71,O-,3.23,2.89,92121,B,Afternoon,pchoudhury@example.com,"762, Kuruvilla Chowk, Guwahati-317353"
5729,239,Gaurika Dixit,25,Non-binary,Computer Science,Art,155.71,B-,2.42,3.43,138004,D,Afternoon,jkant@example.net,"98, Sachar Circle, Shimoga-890394"
6741,210,Netra Chahal,18,Female,Mathematics,Biology,192.68,O-,2.98,3.74,58936,C,Morning,ayush23@example.com,"51/80, Ratti Road, Ozhukarai 180783"
8910,225,Simon Dube,25,Female,Art,Physics,191.87,A+,2.47,3.88,154858,D,Evening,naveen02@example.net,"97/439, Arya Chowk, Kota-445286"
4440,297,Saksham Khanna,23,Female,Art,Art,180.59,O+,3.33,3.74,153902,B,Evening,ptrivedi@example.net,"626, Sandal Marg, Tadepalligudem 024299"
1305,436,Girish Narain,23,Female,Computer Science,History,189.13,B-,3.33,3.21,153042,B,Morning,ykumar@example.com,"90, Subramanian Nagar, Hubli–Dharwad 441015"
1072,234,Vasatika Chandra,18,Male,History,Art,166.38,AB+,3.07,2.28,173216,B,Morning,anikamallick@example.net,"82/03, Sarin Street, Saharanpur-744142"
7765,386,Saumya Minhas,19,Female,Engineering,Literature,162.08,AB+,2.32,3.89,197059,D,Morning,bbhagat@example.org,"751, Handa Street, Guntakal 694040"
4747,480,Nitesh Roy,18,Male,Psychology,Economics,182.85,AB-,3.11,2.65,170741,B,Evening,tbhatia@example.org,"85/604, Deol Marg, Surat 121853"
6498,62,Tanvi Grewal,19,Male,Mathematics,Computer Science,179.76,O+,3.04,2.58,128854,B,Morning,pranit19@example.net,"265, Mukherjee, Vadodara 249332"
9881,284,Lakshit Cherian,23,Female,Engineering,Chemistry,161.39,A+,2.14,3.13,57781,D,Morning,keyaprabhu@example.org,"H.No. 49, Kapur Ganj, Patiala-158138"
5254,70,Siddharth Rastogi,20,Female,Computer Science,Chemistry,154.03,O-,3.56,2.18,70976,A,Evening,amara65@example.com,"H.No. 627, Bajwa Street, Buxar 593881"
2820,95,Matthew Mody,21,Female,Business,Economics,164.59,B+,2.3,2.56,102278,D,Morning,krishnanagarajan@example.net,"20/405, Kadakia Zila, Firozabad-119528"
2482,142,Parth Amble,22,Male,Business,Literature,198.52,AB-,2.51,3.85,154880,C,Morning,ddayal@example.net,"H.No. 760, Hayre Circle, Karnal 513194"
3395,116,Darpan Suresh,24,Non-binary,Art,Computer Science,152.75,AB-,2.72,2.4,65163,C,Afternoon,fitan76@example.org,"H.No. 481, Wadhwa Zila, Pali-713499"
1419,476,Jeet Bhalla,22,Non-binary,Art,Biology,157.59,A+,3.39,2.71,118902,B,Evening,farisgoyal@example.net,"52/00, Edwin Ganj, Patiala-885166"
3095,426,Rehaan Vohra,24,Non-binary,Business,Biology,196.24,A-,2.59,2.22,62314,C,Morning,tristandara@example.com,"69/214, Chokshi Road, Gandhinagar-227709"
6715,409,Triveni Anand,24,Non-binary,Engineering,Psychology,159.0,O-,3.6,3.0,157071,A,Morning,bshanker@example.org,"637, Lalla Path, Gopalpur 790008"
1167,486,Balvan Lall,21,Female,Biology,Physics,176.08,O-,3.94,2.21,129706,A,Afternoon,vaishnavi47@example.net,"907, Patla Street, Sikar-183473"
9701,65,Bimala Sachar,22,Female,Art,Psychology,196.64,B-,2.57,2.95,161233,C,Evening,golladevika@example.net,"601, Johal Marg, Morena-594346"
9858,416,Ryan Nath,20,Non-binary,Physics,Economics,187.19,A-,3.63,3.71,177183,A,Afternoon,singhzilmil@example.org,"H.No. 10, Natt Circle, Ramgarh 266816"
6158,424,Sai Manne,21,Male,Physics,History,163.21,O-,2.21,3.86,67423,D,Morning,jagdishsaha@example.net,"50, Rai Zila, Visakhapatnam 061112"
7319,493,Riya Dar,22,Female,Art,Psychology,160.23,O+,2.74,3.69,61408,C,Evening,daksha16@example.net,"47, Srinivasan Street, Belgaum-727891"
5360,71,Yashoda Walla,22,Non-binary,Physics,Physics,150.42,A-,2.55,3.08,70847,C,Morning,qdey@example.org,"751, Ahluwalia Zila, Darbhanga-823025"
6223,381,Jasmit Jhaveri,21,Non-binary,Business,Computer Science,164.09,O-,3.72,2.83,113405,A,Morning,qmody@example.com,"42/07, Gola Circle, Thoothukudi 348091"
4506,120,Ranbir Dayal,19,Female,Physics,Art,161.45,AB+,3.21,3.42,145000,B,Afternoon,lshanker@example.com,"91, Dara Road, Dhule-917835"
5369,181,Jacob Divan,20,Non-binary,Mathematics,Psychology,185.03,B-,3.59,2.53,82706,A,Morning,dubeymohini@example.net,"64/812, Mohanty Marg, Bihar Sharif-045646"
8067,358,Kai Butala,22,Non-binary,Physics,History,154.99,O-,2.95,3.58,68445,C,Afternoon,jacob00@example.net,"40/04, Sant Nagar, Muzaffarpur 982960"
5975,171,Yutika Sodhi,23,Female,Computer Science,Economics,151.41,O-,2.12,3.61,103296,D,Morning,zashilmallick@example.org,"07/485, Chawla Ganj, Nashik 691765"
8993,276,Wahab Majumdar,20,Female,Computer Science,Economics,152.64,AB-,2.23,2.21,138381,D,Evening,nmurty@example.com,"37, Walia Nagar, Tirupati-887377"
9980,470,Zayan Patla,24,Non-binary,Biology,Art,180.58,A+,2.06,3.15,147050,D,Evening,isaiah96@example.net,"93/650, Gopal Nagar, Barasat-917562"
3160,286,Parth Deo,24,Non-binary,Mathematics,Mathematics,190.8,B+,2.27,3.88,148963,D,Evening,mason33@example.net,"H.No. 73, Dasgupta Circle, Dhanbad 363170"
5603,292,Balendra Toor,24,Male,Chemistry,Computer Science,171.61,O+,3.88,2.78,162704,A,Evening,ovohra@example.net,"814, Yadav Circle, Tenali 048744"
7153,245,Omisha Lall,24,Female,Biology,Mathematics,163.82,A-,2.19,2.49,84543,D,Evening,indrajitdhar@example.org,"H.No. 94, Keer, Udupi-985578"
7232,67,Michael Kala,20,Non-binary,Psychology,Art,165.41,A+,3.56,3.01,54989,A,Morning,bhavnagoswami@example.com,"35/55, Rajan Marg, Bhimavaram-384009"
2076,419,Charvi Pandit,25,Female,Mathematics,Mathematics,150.59,A+,3.44,2.79,88110,B,Evening,mangalyashoda@example.net,"H.No. 44, Khanna Road, Ichalkaranji 230260"
2233,96,Aachal Natt,19,Non-binary,Engineering,Mathematics,156.08,O+,2.15,2.76,123629,D,Morning,ramakrishnanekanta@example.net,"00/50, Shah Nagar, Tumkur-457647"
4414,320,Suhani Hayre,24,Male,Business,Chemistry,169.54,AB+,4.0,2.87,55094,A,Evening,sastryaadi@example.com,"47/568, Raval Zila, Bilaspur 579429"
7972,399,Xiti Mahajan,23,Male,Mathematics,Chemistry,177.74,A-,2.88,3.5,178458,C,Afternoon,kibeekiya@example.net,"007, Tank Marg, Solapur-307769"
8221,333,Zayan Mander,18,Non-binary,Business,Physics,170.02,AB-,2.09,2.84,96261,D,Morning,hkhosla@example.net,"H.No. 74, Date Zila, Ulhasnagar-505170"
5559,51,Gauri Balasubramanian,21,Male,Business,Art,158.43,AB-,3.99,2.05,68395,A,Evening,uroy@example.org,"83, Balan Chowk, Kottayam-483774"
7145,81,Hamsini Krish,25,Female,Biology,Psychology,150.7,B+,2.4,2.03,162239,D,Morning,neha17@example.com,"021, Dhawan Zila, Eluru-328972"
9574,68,Laksh Khanna,23,Male,Psychology,Economics,167.87,AB+,3.47,2.88,146750,B,Evening,sthaker@example.org,"H.No. 047, Buch Street, Thrissur-843995"
4331,345,Harshil Joshi,24,Non-binary,Physics,Mathematics,186.29,O-,2.68,3.87,92014,C,Morning,arin24@example.net,"H.No. 577, Khare Street, Begusarai 849105"
5872,365,Alexander Pandit,23,Female,Business,Biology,189.84,B-,3.88,3.51,181787,A,Evening,obhatt@example.com,"H.No. 01, Sahota Ganj, Yamunanagar 590388"
7007,340,Ladli Sethi,18,Male,Computer Science,Art,151.68,A-,2.34,2.71,162005,D,Afternoon,megha31@example.com,"20/398, Chaudhari Chowk, Bharatpur 110334"
7744,12,Yahvi Vaidya,25,Male,Chemistry,Economics,169.79,A-,3.54,3.57,126882,A,Morning,bhaktaabdul@example.com,"H.No. 06, Memon Nagar, Chapra 398311"
1539,366,Warda Seshadri,18,Non-binary,Psychology,Psychology,187.65,A+,2.95,2.3,87176,C,Evening,dyalvanya@example.com,"H.No. 019, Murty Marg, Bikaner 845843"
4154,453,Pooja Basak,22,Male,Art,Economics,186.22,AB+,2.54,2.6,67475,C,Morning,choudhryrehaan@example.org,"02, Bora, Tinsukia 681724"
1121,296,Tanmayi Varughese,21,Non-binary,Engineering,Art,170.8,A+,3.8,2.66,61667,A,Morning,waliaadi@example.org,"77/403, Kohli Marg, Narasaraopet-922853"
5841,351,Yashasvi Brar,21,Non-binary,Physics,Art,183.57,AB-,3.71,3.28,167694,A,Morning,minhaswriddhish@example.net,"732, Thaker Ganj, Bhagalpur 955147"
3852,407,Henry Deol,23,Male,Physics,Chemistry,165.18,AB+,3.39,3.58,173963,B,Evening,bnagi@example.net,"500, Wali Chowk, Rewa 152944"
4127,238,Advik Parmar,19,Female,Mathematics,Literature,158.66,AB-,2.91,2.16,198760,C,Evening,udant36@example.com,"91, Grewal Ganj, Solapur 501540"
7383,229,Ria Joshi,24,Male,Art,Physics,195.11,A+,2.57,2.02,58230,C,Evening,gagan00@example.com,"65/55, Saini, Nizamabad 460758"
3640,477,Qushi Seth,19,Non-binary,Biology,Biology,190.46,O-,2.05,2.49,198818,D,Afternoon,matthewissac@example.org,"935, Manne Circle, Visakhapatnam-750293"
9387,1,Januja Karnik,23,Non-binary,Computer Science,Psychology,172.01,A-,3.05,3.06,74161,B,Morning,ekbalnagar@example.org,"68/783, Gade Nagar, Bahraich 712963"
8682,203,Yug Borra,19,Male,Engineering,Computer Science,181.68,AB+,2.72,3.85,169168,C,Morning,anirudh99@example.net,"H.No. 419, Rama Chowk, Tinsukia 894590"
7285,139,Harsh Wason,22,Male,Biology,Mathematics,196.12,AB+,3.26,3.17,149212,B,Morning,rchoudhry@example.net,"019, Prabhakar Street, Dhule-371461"
6893,414,Idika Anand,19,Female,Physics,Mathematics,157.54,B-,3.15,3.84,51425,B,Evening,zansimander@example.net,"829, Karnik Road, Nandyal-485979"
2731,446,Chasmum Krishnamurthy,23,Male,History,Chemistry,179.15,B+,2.98,2.71,193170,C,Evening,ppillay@example.org,"94, Lad Road, Suryapet 725047"
1480,452,Baghyawati Gara,21,Non-binary,Mathematics,Economics,152.71,A-,2.57,2.56,108387,C,Afternoon,vgopal@example.com,"42/67, Ahluwalia Path, Mangalore 450265"
8873,499,Riya Dugar,23,Non-binary,Biology,Computer Science,174.45,B-,3.74,2.37,91679,A,Morning,dsankaran@example.org,"H.No. 917, Chaudry Nagar, Proddatur 492551"
7997,443,Gopal Datta,19,Male,Computer Science,Economics,181.99,B-,2.87,2.01,71603,C,Morning,samesh45@example.com,"H.No. 385, Kata Ganj, Bhavnagar 839558"
4280,473,Gabriel Gopal,23,Female,Physics,Chemistry,189.87,AB-,2.12,3.45,78514,D,Morning,chamandevi@example.com,"15/038, Kohli, Kalyan-Dombivli-591399"
3683,262,Ekanta Choudhury,24,Female,Computer Science,Chemistry,166.14,B+,3.38,3.67,132215,B,Evening,charan19@example.org,"22/525, Barad Nagar, Jammu 941877"
6572,498,Anvi Munshi,18,Female,History,Chemistry,178.32,A-,3.43,3.32,85546,B,Evening,zchanda@example.org,"77/74, Dasgupta Nagar, Jammu 715447"
2930,28,Gayathri Ahuja,20,Female,Engineering,Mathematics,198.38,A+,2.25,3.35,188885,D,Morning,zupadhyay@example.com,"73, Deshmukh Circle, Hubli–Dharwad-342280"
3305,335,Rishi D’Alia,20,Female,Engineering,Economics,196.55,O+,2.59,2.7,180323,C,Evening,faraj99@example.net,"27/87, Gade Street, Kulti 792313"
2871,389,Yashasvi Srinivasan,23,Non-binary,Mathematics,Art,159.35,O-,3.82,3.71,78883,A,Afternoon,chavvikalla@example.org,"H.No. 612, Koshy Nagar, Phusro-511854"
8144,457,Tanvi Varughese,19,Male,Chemistry,Art,162.51,O-,3.88,2.67,171129,A,Morning,rayaan34@example.net,"H.No. 07, Ratta Ganj, Bilaspur 038072"
